{
    "accuracy": [
        0.9832204580307007,
        1.0,
        1.0,
        1.0
    ],
    "loss": [
        0.0333075076341629,
        5.7674165873322636e-05,
        1.976408930204343e-05,
        9.186507668346167e-06
    ],
    "val_accuracy": [
        1.0,
        1.0,
        1.0,
        1.0
    ],
    "val_loss": [
        0.00013279543782118708,
        3.689333607326262e-05,
        1.58392886078218e-05,
        8.137194527080283e-06
    ]
}